/* 
	insert data for tables: 
		Menu
		Polozka_menu
		R_PolozkaMenu_Menu
		Stul
		Ucet
		R_Ucet_Stul
		Stav_polozky
*/

insert into "Menu" ("MenuID", "Platne_od", "Platne_do", "Jazyk") values (1, to_date('2018-09-20', 'yyyy-mm-dd'), to_date('2018-09-27', 'yyyy-mm-dd'), 'CZ');
insert into "Menu" ("MenuID", "Platne_od", "Platne_do", "Jazyk") values ( 2, to_date('2018-03-20', 'yyyy-mm-dd'), to_date('2018-03-27', 'yyyy-mm-dd'), 'CZ');
insert into "Menu" ("MenuID", "Platne_od", "Platne_do", "Jazyk") values ( 3, to_date('2018-10-07', 'yyyy-mm-dd'), to_date('2018-10-14', 'yyyy-mm-dd'), 'CZ');
insert into "Menu" ("MenuID", "Platne_od", "Platne_do", "Jazyk") values ( 4, to_date('2018-03-16', 'yyyy-mm-dd'), to_date('2018-03-23', 'yyyy-mm-dd'), 'CZ');
insert into "Menu" ("MenuID", "Platne_od", "Platne_do", "Jazyk") values ( 5, to_date('2018-02-11', 'yyyy-mm-dd'), to_date('2018-10-10', 'yyyy-mm-dd'), 'CZ');
insert into "Menu" ("MenuID", "Platne_od", "Platne_do", "Jazyk") values ( 6, to_date('2018-11-14', 'yyyy-mm-dd'), to_date('2018-11-21', 'yyyy-mm-dd'), 'CZ');
insert into "Menu" ("MenuID", "Platne_od", "Platne_do", "Jazyk") values ( 7, to_date('2018-02-12', 'yyyy-mm-dd'), to_date('2018-03-07', 'yyyy-mm-dd'), 'CZ');
insert into "Menu" ("MenuID", "Platne_od", "Platne_do", "Jazyk") values ( 8, to_date('2018-03-31', 'yyyy-mm-dd'), to_date('2018-09-07', 'yyyy-mm-dd'), 'GB');
insert into "Menu" ("MenuID", "Platne_od", "Platne_do", "Jazyk") values ( 9, to_date('2018-09-12', 'yyyy-mm-dd'), to_date('2018-09-19', 'yyyy-mm-dd'), 'FR');
insert into "Menu" ("MenuID", "Platne_od", "Platne_do", "Jazyk") values (10, to_date('2017-12-22', 'yyyy-mm-dd'), to_date('2018-12-29', 'yyyy-mm-dd'), 'CZ');
insert into "Menu" ("MenuID", "Platne_od", "Platne_do", "Jazyk") values (11, to_date('2018-06-30', 'yyyy-mm-dd'), to_date('2018-07-06', 'yyyy-mm-dd'), 'CZ');
insert into "Menu" ("MenuID", "Platne_od", "Platne_do", "Jazyk") values (12, to_date('2018-05-11', 'yyyy-mm-dd'), to_date('2018-10-06', 'yyyy-mm-dd'), 'CZ');
insert into "Menu" ("MenuID", "Platne_od", "Platne_do", "Jazyk") values (13, to_date('2018-03-17', 'yyyy-mm-dd'), to_date('2018-03-24', 'yyyy-mm-dd'), 'CZ');
insert into "Menu" ("MenuID", "Platne_od", "Platne_do", "Jazyk") values (14, to_date('2018-07-13', 'yyyy-mm-dd'), to_date('2018-07-20', 'yyyy-mm-dd'), 'CZ');
insert into "Menu" ("MenuID", "Platne_od", "Platne_do", "Jazyk") values (15, to_date('2018-04-15', 'yyyy-mm-dd'), to_date('2018-04-22', 'yyyy-mm-dd'), 'CZ');
insert into "Menu" ("MenuID", "Platne_od", "Platne_do", "Jazyk") values (16, to_date('2018-08-11', 'yyyy-mm-dd'), to_date('2018-09-07', 'yyyy-mm-dd'), 'CZ');
insert into "Menu" ("MenuID", "Platne_od", "Platne_do", "Jazyk") values (17, to_date('2018-09-11', 'yyyy-mm-dd'), to_date('2018-10-01', 'yyyy-mm-dd'), 'CZ');
insert into "Menu" ("MenuID", "Platne_od", "Platne_do", "Jazyk") values (18, to_date('2018-10-05', 'yyyy-mm-dd'), to_date('2018-12-18', 'yyyy-mm-dd'), 'CZ');
insert into "Menu" ("MenuID", "Platne_od", "Platne_do", "Jazyk") values (19, to_date('2018-09-17', 'yyyy-mm-dd'), to_date('2018-12-21', 'yyyy-mm-dd'), 'CZ');
insert into "Menu" ("MenuID", "Platne_od", "Platne_do", "Jazyk") values (20, to_date('2018-05-05', 'yyyy-mm-dd'), to_date('2018-09-22', 'yyyy-mm-dd'), 'CZ');
insert into "Menu" ("MenuID", "Platne_od", "Platne_do", "Jazyk") values (21, to_date('2018-04-03', 'yyyy-mm-dd'), to_date('2018-05-06', 'yyyy-mm-dd'), 'CZ');
insert into "Menu" ("MenuID", "Platne_od", "Platne_do", "Jazyk") values (22, to_date('2017-12-05', 'yyyy-mm-dd'), to_date('2018-11-11', 'yyyy-mm-dd'), 'CZ');
insert into "Menu" ("MenuID", "Platne_od", "Platne_do", "Jazyk") values (23, to_date('2018-05-06', 'yyyy-mm-dd'), to_date('2018-05-31', 'yyyy-mm-dd'), 'FR');
insert into "Menu" ("MenuID", "Platne_od", "Platne_do", "Jazyk") values (24, to_date('2018-10-10', 'yyyy-mm-dd'), to_date('2018-11-27', 'yyyy-mm-dd'), 'FR');
insert into "Menu" ("MenuID", "Platne_od", "Platne_do", "Jazyk") values (25, to_date('2018-07-07', 'yyyy-mm-dd'), to_date('2018-08-14', 'yyyy-mm-dd'), 'DE');
insert into "Menu" ("MenuID", "Platne_od", "Platne_do", "Jazyk") values (26, to_date('2018-02-25', 'yyyy-mm-dd'), to_date('2018-03-06', 'yyyy-mm-dd'), 'FR');
insert into "Menu" ("MenuID", "Platne_od", "Platne_do", "Jazyk") values (27, to_date('2017-12-15', 'yyyy-mm-dd'), to_date('2018-11-14', 'yyyy-mm-dd'), 'IT');
insert into "Menu" ("MenuID", "Platne_od", "Platne_do", "Jazyk") values (28, to_date('2018-10-23', 'yyyy-mm-dd'), to_date('2018-10-30', 'yyyy-mm-dd'), 'FR');
insert into "Menu" ("MenuID", "Platne_od", "Platne_do", "Jazyk") values (29, to_date('2018-07-30', 'yyyy-mm-dd'), to_date('2018-08-12', 'yyyy-mm-dd'), 'IT');
insert into "Menu" ("MenuID", "Platne_od", "Platne_do", "Jazyk") values (30, to_date('2018-10-15', 'yyyy-mm-dd'), to_date('2018-10-22', 'yyyy-mm-dd'), 'FR');

insert into "Polozka_menu" ("Cena", "Nazev", "Polozka_menuID") values (36.9, 'Coca Cola', 1);
insert into "Polozka_menu" ("Cena", "Nazev", "Polozka_menuID") values (35.2, 'Pepsi', 2);
insert into "Polozka_menu" ("Cena", "Nazev", "Polozka_menuID") values (12.7, 'Voda s citrónem', 3);
insert into "Polozka_menu" ("Cena", "Nazev", "Polozka_menuID") values (14.8, 'Minerální voda', 4);
insert into "Polozka_menu" ("Cena", "Nazev", "Polozka_menuID") values (15.6, 'Čaj', 5);
insert into "Polozka_menu" ("Cena", "Nazev", "Polozka_menuID") values (17.4, 'Káva', 6);
insert into "Polozka_menu" ("Cena", "Nazev", "Polozka_menuID") values (33.5, 'Vodka', 7);
insert into "Polozka_menu" ("Cena", "Nazev", "Polozka_menuID") values (17.1, 'Pivo Plzeň 11°', 8);
insert into "Polozka_menu" ("Cena", "Nazev", "Polozka_menuID") values (18.5, 'Pivo Kozel 11°', 9);
insert into "Polozka_menu" ("Cena", "Nazev", "Polozka_menuID") values (60.7, 'Cibulová polévka', 10);
insert into "Polozka_menu" ("Cena", "Nazev", "Polozka_menuID") values (20.0, 'Zelná polevka s klobásou', 11);
insert into "Polozka_menu" ("Cena", "Nazev", "Polozka_menuID") values (96.7, 'Smažený květák', 12);
insert into "Polozka_menu" ("Cena", "Nazev", "Polozka_menuID") values (140.8, 'Kuřecí čína', 13);
insert into "Polozka_menu" ("Cena", "Nazev", "Polozka_menuID") values (89.6, 'Smažený sýr', 14);
insert into "Polozka_menu" ("Cena", "Nazev", "Polozka_menuID") values (128.9, 'Medailonky z veřové panenky', 15);
insert into "Polozka_menu" ("Cena", "Nazev", "Polozka_menuID") values (115.0, 'Kuřecí prsíčko plněné rajčaty', 16);
insert into "Polozka_menu" ("Cena", "Nazev", "Polozka_menuID") values (139.9, 'Těstoviny zapečené s kuřecím masem', 17);
insert into "Polozka_menu" ("Cena", "Nazev", "Polozka_menuID") values (136.5, 'Holandský řízek', 18);
insert into "Polozka_menu" ("Cena", "Nazev", "Polozka_menuID") values (123.9, 'Krůtí na divoko', 19);
insert into "Polozka_menu" ("Cena", "Nazev", "Polozka_menuID") values (125.8, 'Smažené žampiony', 20);
insert into "Polozka_menu" ("Cena", "Nazev", "Polozka_menuID") values (166.2, 'Mexické fazole', 21);
insert into "Polozka_menu" ("Cena", "Nazev", "Polozka_menuID") values (141.4, 'Bramborový guláš', 22);
insert into "Polozka_menu" ("Cena", "Nazev", "Polozka_menuID") values (113.4, 'Drůbeží játra', 23);
insert into "Polozka_menu" ("Cena", "Nazev", "Polozka_menuID") values (99.8, 'Zapečená žemlovka', 24);
insert into "Polozka_menu" ("Cena", "Nazev", "Polozka_menuID") values (127.1, 'Karbanátky', 25);
insert into "Polozka_menu" ("Cena", "Nazev", "Polozka_menuID") values (23.9, 'Hranolky', 26);
insert into "Polozka_menu" ("Cena", "Nazev", "Polozka_menuID") values (21.9, 'Americké brambory', 27);
insert into "Polozka_menu" ("Cena", "Nazev", "Polozka_menuID") values (23.8, 'Krokety', 28);
insert into "Polozka_menu" ("Cena", "Nazev", "Polozka_menuID") values (20.8, 'Rýže', 29);
insert into "Polozka_menu" ("Cena", "Nazev", "Polozka_menuID") values (21.3, 'Těstoviny', 30);

insert into "R_PolozkaMenu_Menu" ("ID", "Polozka_menuID", "MenuID") values (1, 28, 17);
insert into "R_PolozkaMenu_Menu" ("ID", "Polozka_menuID", "MenuID") values (2, 8, 4);
insert into "R_PolozkaMenu_Menu" ("ID", "Polozka_menuID", "MenuID") values (3, 3, 1);
insert into "R_PolozkaMenu_Menu" ("ID", "Polozka_menuID", "MenuID") values (4, 17, 5);
insert into "R_PolozkaMenu_Menu" ("ID", "Polozka_menuID", "MenuID") values (5, 7, 7);
insert into "R_PolozkaMenu_Menu" ("ID", "Polozka_menuID", "MenuID") values (6, 25, 21);
insert into "R_PolozkaMenu_Menu" ("ID", "Polozka_menuID", "MenuID") values (7, 25, 6);
insert into "R_PolozkaMenu_Menu" ("ID", "Polozka_menuID", "MenuID") values (8, 13, 28);
insert into "R_PolozkaMenu_Menu" ("ID", "Polozka_menuID", "MenuID") values (9, 20, 24);
insert into "R_PolozkaMenu_Menu" ("ID", "Polozka_menuID", "MenuID") values (10, 11, 16);
insert into "R_PolozkaMenu_Menu" ("ID", "Polozka_menuID", "MenuID") values (11, 20, 4);
insert into "R_PolozkaMenu_Menu" ("ID", "Polozka_menuID", "MenuID") values (12, 9, 22);
insert into "R_PolozkaMenu_Menu" ("ID", "Polozka_menuID", "MenuID") values (13, 11, 15);
insert into "R_PolozkaMenu_Menu" ("ID", "Polozka_menuID", "MenuID") values (14, 23, 25);
insert into "R_PolozkaMenu_Menu" ("ID", "Polozka_menuID", "MenuID") values (15, 23, 27);
insert into "R_PolozkaMenu_Menu" ("ID", "Polozka_menuID", "MenuID") values (16, 27, 19);
insert into "R_PolozkaMenu_Menu" ("ID", "Polozka_menuID", "MenuID") values (17, 25, 13);
insert into "R_PolozkaMenu_Menu" ("ID", "Polozka_menuID", "MenuID") values (18, 13, 27);
insert into "R_PolozkaMenu_Menu" ("ID", "Polozka_menuID", "MenuID") values (19, 24, 25);
insert into "R_PolozkaMenu_Menu" ("ID", "Polozka_menuID", "MenuID") values (20, 17, 2);
insert into "R_PolozkaMenu_Menu" ("ID", "Polozka_menuID", "MenuID") values (21, 28, 17);
insert into "R_PolozkaMenu_Menu" ("ID", "Polozka_menuID", "MenuID") values (22, 12, 28);
insert into "R_PolozkaMenu_Menu" ("ID", "Polozka_menuID", "MenuID") values (23, 30, 6);
insert into "R_PolozkaMenu_Menu" ("ID", "Polozka_menuID", "MenuID") values (24, 14, 10);
insert into "R_PolozkaMenu_Menu" ("ID", "Polozka_menuID", "MenuID") values (25, 28, 16);
insert into "R_PolozkaMenu_Menu" ("ID", "Polozka_menuID", "MenuID") values (26, 29, 24);
insert into "R_PolozkaMenu_Menu" ("ID", "Polozka_menuID", "MenuID") values (27, 27, 12);
insert into "R_PolozkaMenu_Menu" ("ID", "Polozka_menuID", "MenuID") values (28, 16, 7);
insert into "R_PolozkaMenu_Menu" ("ID", "Polozka_menuID", "MenuID") values (29, 30, 11);
insert into "R_PolozkaMenu_Menu" ("ID", "Polozka_menuID", "MenuID") values (30, 16, 18);
insert into "R_PolozkaMenu_Menu" ("ID", "Polozka_menuID", "MenuID") values (31, 27, 19);
insert into "R_PolozkaMenu_Menu" ("ID", "Polozka_menuID", "MenuID") values (32, 25, 19);
insert into "R_PolozkaMenu_Menu" ("ID", "Polozka_menuID", "MenuID") values (33, 20, 8);
insert into "R_PolozkaMenu_Menu" ("ID", "Polozka_menuID", "MenuID") values (34, 2, 12);
insert into "R_PolozkaMenu_Menu" ("ID", "Polozka_menuID", "MenuID") values (35, 5, 25);
insert into "R_PolozkaMenu_Menu" ("ID", "Polozka_menuID", "MenuID") values (36, 13, 27);
insert into "R_PolozkaMenu_Menu" ("ID", "Polozka_menuID", "MenuID") values (37, 19, 25);
insert into "R_PolozkaMenu_Menu" ("ID", "Polozka_menuID", "MenuID") values (38, 2, 5);
insert into "R_PolozkaMenu_Menu" ("ID", "Polozka_menuID", "MenuID") values (39, 19, 9);
insert into "R_PolozkaMenu_Menu" ("ID", "Polozka_menuID", "MenuID") values (40, 19, 4);
insert into "R_PolozkaMenu_Menu" ("ID", "Polozka_menuID", "MenuID") values (41, 10, 26);
insert into "R_PolozkaMenu_Menu" ("ID", "Polozka_menuID", "MenuID") values (42, 8, 16);
insert into "R_PolozkaMenu_Menu" ("ID", "Polozka_menuID", "MenuID") values (43, 9, 24);
insert into "R_PolozkaMenu_Menu" ("ID", "Polozka_menuID", "MenuID") values (44, 9, 4);
insert into "R_PolozkaMenu_Menu" ("ID", "Polozka_menuID", "MenuID") values (45, 29, 28);
insert into "R_PolozkaMenu_Menu" ("ID", "Polozka_menuID", "MenuID") values (46, 17, 3);
insert into "R_PolozkaMenu_Menu" ("ID", "Polozka_menuID", "MenuID") values (47, 20, 28);
insert into "R_PolozkaMenu_Menu" ("ID", "Polozka_menuID", "MenuID") values (48, 5, 9);
insert into "R_PolozkaMenu_Menu" ("ID", "Polozka_menuID", "MenuID") values (49, 27, 19);
insert into "R_PolozkaMenu_Menu" ("ID", "Polozka_menuID", "MenuID") values (50, 16, 27);
insert into "R_PolozkaMenu_Menu" ("ID", "Polozka_menuID", "MenuID") values (51, 4, 27);
insert into "R_PolozkaMenu_Menu" ("ID", "Polozka_menuID", "MenuID") values (52, 7, 16);
insert into "R_PolozkaMenu_Menu" ("ID", "Polozka_menuID", "MenuID") values (53, 18, 28);
insert into "R_PolozkaMenu_Menu" ("ID", "Polozka_menuID", "MenuID") values (54, 28, 15);
insert into "R_PolozkaMenu_Menu" ("ID", "Polozka_menuID", "MenuID") values (55, 8, 21);
insert into "R_PolozkaMenu_Menu" ("ID", "Polozka_menuID", "MenuID") values (56, 23, 7);
insert into "R_PolozkaMenu_Menu" ("ID", "Polozka_menuID", "MenuID") values (57, 14, 10);
insert into "R_PolozkaMenu_Menu" ("ID", "Polozka_menuID", "MenuID") values (58, 9, 11);
insert into "R_PolozkaMenu_Menu" ("ID", "Polozka_menuID", "MenuID") values (59, 26, 13);
insert into "R_PolozkaMenu_Menu" ("ID", "Polozka_menuID", "MenuID") values (60, 6, 14);
insert into "R_PolozkaMenu_Menu" ("ID", "Polozka_menuID", "MenuID") values (61, 26, 13);
insert into "R_PolozkaMenu_Menu" ("ID", "Polozka_menuID", "MenuID") values (62, 26, 13);
insert into "R_PolozkaMenu_Menu" ("ID", "Polozka_menuID", "MenuID") values (63, 4, 16);
insert into "R_PolozkaMenu_Menu" ("ID", "Polozka_menuID", "MenuID") values (64, 17, 9);
insert into "R_PolozkaMenu_Menu" ("ID", "Polozka_menuID", "MenuID") values (65, 12, 6);
insert into "R_PolozkaMenu_Menu" ("ID", "Polozka_menuID", "MenuID") values (66, 4, 8);
insert into "R_PolozkaMenu_Menu" ("ID", "Polozka_menuID", "MenuID") values (67, 3, 18);
insert into "R_PolozkaMenu_Menu" ("ID", "Polozka_menuID", "MenuID") values (68, 4, 20);
insert into "R_PolozkaMenu_Menu" ("ID", "Polozka_menuID", "MenuID") values (69, 8, 1);
insert into "R_PolozkaMenu_Menu" ("ID", "Polozka_menuID", "MenuID") values (70, 15, 16);
insert into "R_PolozkaMenu_Menu" ("ID", "Polozka_menuID", "MenuID") values (71, 16, 13);
insert into "R_PolozkaMenu_Menu" ("ID", "Polozka_menuID", "MenuID") values (72, 28, 28);
insert into "R_PolozkaMenu_Menu" ("ID", "Polozka_menuID", "MenuID") values (73, 9, 23);
insert into "R_PolozkaMenu_Menu" ("ID", "Polozka_menuID", "MenuID") values (74, 17, 15);
insert into "R_PolozkaMenu_Menu" ("ID", "Polozka_menuID", "MenuID") values (75, 23, 24);
insert into "R_PolozkaMenu_Menu" ("ID", "Polozka_menuID", "MenuID") values (76, 21, 12);
insert into "R_PolozkaMenu_Menu" ("ID", "Polozka_menuID", "MenuID") values (77, 16, 20);
insert into "R_PolozkaMenu_Menu" ("ID", "Polozka_menuID", "MenuID") values (78, 12, 5);
insert into "R_PolozkaMenu_Menu" ("ID", "Polozka_menuID", "MenuID") values (79, 18, 26);
insert into "R_PolozkaMenu_Menu" ("ID", "Polozka_menuID", "MenuID") values (80, 23, 6);
insert into "R_PolozkaMenu_Menu" ("ID", "Polozka_menuID", "MenuID") values (81, 28, 19);
insert into "R_PolozkaMenu_Menu" ("ID", "Polozka_menuID", "MenuID") values (82, 19, 1);
insert into "R_PolozkaMenu_Menu" ("ID", "Polozka_menuID", "MenuID") values (83, 27, 25);
insert into "R_PolozkaMenu_Menu" ("ID", "Polozka_menuID", "MenuID") values (84, 11, 6);
insert into "R_PolozkaMenu_Menu" ("ID", "Polozka_menuID", "MenuID") values (85, 23, 19);
insert into "R_PolozkaMenu_Menu" ("ID", "Polozka_menuID", "MenuID") values (86, 1, 18);
insert into "R_PolozkaMenu_Menu" ("ID", "Polozka_menuID", "MenuID") values (87, 3, 23);
insert into "R_PolozkaMenu_Menu" ("ID", "Polozka_menuID", "MenuID") values (88, 22, 22);
insert into "R_PolozkaMenu_Menu" ("ID", "Polozka_menuID", "MenuID") values (89, 25, 7);
insert into "R_PolozkaMenu_Menu" ("ID", "Polozka_menuID", "MenuID") values (90, 10, 19);
insert into "R_PolozkaMenu_Menu" ("ID", "Polozka_menuID", "MenuID") values (91, 21, 15);
insert into "R_PolozkaMenu_Menu" ("ID", "Polozka_menuID", "MenuID") values (92, 4, 18);
insert into "R_PolozkaMenu_Menu" ("ID", "Polozka_menuID", "MenuID") values (93, 24, 28);
insert into "R_PolozkaMenu_Menu" ("ID", "Polozka_menuID", "MenuID") values (94, 5, 1);
insert into "R_PolozkaMenu_Menu" ("ID", "Polozka_menuID", "MenuID") values (95, 12, 7);
insert into "R_PolozkaMenu_Menu" ("ID", "Polozka_menuID", "MenuID") values (96, 28, 12);
insert into "R_PolozkaMenu_Menu" ("ID", "Polozka_menuID", "MenuID") values (97, 26, 25);
insert into "R_PolozkaMenu_Menu" ("ID", "Polozka_menuID", "MenuID") values (98, 15, 20);
insert into "R_PolozkaMenu_Menu" ("ID", "Polozka_menuID", "MenuID") values (99, 11, 24);
insert into "R_PolozkaMenu_Menu" ("ID", "Polozka_menuID", "MenuID") values (100, 11, 15);

insert into "Stul" ("Cislo_stolu", "Pocet_mist") values (1, 6);
insert into "Stul" ("Cislo_stolu", "Pocet_mist") values (2, 3);
insert into "Stul" ("Cislo_stolu", "Pocet_mist") values (3, 3);
insert into "Stul" ("Cislo_stolu", "Pocet_mist") values (4, 4);
insert into "Stul" ("Cislo_stolu", "Pocet_mist") values (5, 4);
insert into "Stul" ("Cislo_stolu", "Pocet_mist") values (6, 4);
insert into "Stul" ("Cislo_stolu", "Pocet_mist") values (7, 4);
insert into "Stul" ("Cislo_stolu", "Pocet_mist") values (8, 2);
insert into "Stul" ("Cislo_stolu", "Pocet_mist") values (9, 4);
insert into "Stul" ("Cislo_stolu", "Pocet_mist") values (10, 4);
insert into "Stul" ("Cislo_stolu", "Pocet_mist") values (11, 6);
insert into "Stul" ("Cislo_stolu", "Pocet_mist") values (12, 4);
insert into "Stul" ("Cislo_stolu", "Pocet_mist") values (13, 3);
insert into "Stul" ("Cislo_stolu", "Pocet_mist") values (14, 4);
insert into "Stul" ("Cislo_stolu", "Pocet_mist") values (15, 2);
insert into "Stul" ("Cislo_stolu", "Pocet_mist") values (16, 5);
insert into "Stul" ("Cislo_stolu", "Pocet_mist") values (17, 5);
insert into "Stul" ("Cislo_stolu", "Pocet_mist") values (18, 5);
insert into "Stul" ("Cislo_stolu", "Pocet_mist") values (19, 2);
insert into "Stul" ("Cislo_stolu", "Pocet_mist") values (20, 6);
insert into "Stul" ("Cislo_stolu", "Pocet_mist") values (21, 6);
insert into "Stul" ("Cislo_stolu", "Pocet_mist") values (22, 5);
insert into "Stul" ("Cislo_stolu", "Pocet_mist") values (23, 6);
insert into "Stul" ("Cislo_stolu", "Pocet_mist") values (24, 2);
insert into "Stul" ("Cislo_stolu", "Pocet_mist") values (25, 3);

insert into "Ucet" ("Datum_vytvoreni", "Mena", "Platba_kartou", "Sleva") values (to_date('2018-10-01 19:09:20', 'yyyy-mm-dd hh24:mi:ss'), 'EUR', 'N', 24);
insert into "Ucet" ("Datum_vytvoreni", "Mena", "Platba_kartou", "Sleva") values (to_date('2018-04-25 05:13:04', 'yyyy-mm-dd hh24:mi:ss'), 'EUR', 'Y', 16);
insert into "Ucet" ("Datum_vytvoreni", "Mena", "Platba_kartou", "Sleva") values (to_date('2018-04-01 20:21:45', 'yyyy-mm-dd hh24:mi:ss'), 'EUR', 'N', 32);
insert into "Ucet" ("Datum_vytvoreni", "Mena", "Platba_kartou", "Sleva") values (to_date('2018-06-10 12:34:30', 'yyyy-mm-dd hh24:mi:ss'), 'EUR', 'N', 26);
insert into "Ucet" ("Datum_vytvoreni", "Mena", "Platba_kartou", "Sleva") values (to_date('2018-02-14 07:23:52', 'yyyy-mm-dd hh24:mi:ss'), 'EUR', 'Y', null);
insert into "Ucet" ("Datum_vytvoreni", "Mena", "Platba_kartou", "Sleva") values (to_date('2017-12-12 08:29:46', 'yyyy-mm-dd hh24:mi:ss'), 'EUR', 'N', null);
insert into "Ucet" ("Datum_vytvoreni", "Mena", "Platba_kartou", "Sleva") values (to_date('2018-07-23 05:11:29', 'yyyy-mm-dd hh24:mi:ss'), 'EUR', 'N', 24);
insert into "Ucet" ("Datum_vytvoreni", "Mena", "Platba_kartou", "Sleva") values (to_date('2018-02-19 23:20:57', 'yyyy-mm-dd hh24:mi:ss'), 'EUR', 'Y', null);
insert into "Ucet" ("Datum_vytvoreni", "Mena", "Platba_kartou", "Sleva") values (to_date('2018-09-02 21:10:00', 'yyyy-mm-dd hh24:mi:ss'), 'EUR', 'N', null);
insert into "Ucet" ("Datum_vytvoreni", "Mena", "Platba_kartou", "Sleva") values (to_date('2018-05-25 02:23:31', 'yyyy-mm-dd hh24:mi:ss'), 'EUR', 'N', 43);
insert into "Ucet" ("Datum_vytvoreni", "Mena", "Platba_kartou", "Sleva") values (to_date('2018-10-23 19:44:15', 'yyyy-mm-dd hh24:mi:ss'), 'EUR', 'N', null);
insert into "Ucet" ("Datum_vytvoreni", "Mena", "Platba_kartou", "Sleva") values (to_date('2017-12-27 07:38:58', 'yyyy-mm-dd hh24:mi:ss'), 'EUR', 'Y', 45);
insert into "Ucet" ("Datum_vytvoreni", "Mena", "Platba_kartou", "Sleva") values (to_date('2018-06-03 23:58:58', 'yyyy-mm-dd hh24:mi:ss'), 'EUR', 'Y', 36);
insert into "Ucet" ("Datum_vytvoreni", "Mena", "Platba_kartou", "Sleva") values (to_date('2018-02-24 00:15:05', 'yyyy-mm-dd hh24:mi:ss'), 'EUR', 'N', 18);
insert into "Ucet" ("Datum_vytvoreni", "Mena", "Platba_kartou", "Sleva") values (to_date('2018-09-29 17:27:45', 'yyyy-mm-dd hh24:mi:ss'), 'EUR', 'Y', 19);
insert into "Ucet" ("Datum_vytvoreni", "Mena", "Platba_kartou", "Sleva") values (to_date('2018-06-28 10:15:18', 'yyyy-mm-dd hh24:mi:ss'), 'EUR', 'Y', null);
insert into "Ucet" ("Datum_vytvoreni", "Mena", "Platba_kartou", "Sleva") values (to_date('2018-10-26 11:01:10', 'yyyy-mm-dd hh24:mi:ss'), 'EUR', 'N', null);
insert into "Ucet" ("Datum_vytvoreni", "Mena", "Platba_kartou", "Sleva") values (to_date('2017-12-18 04:04:22', 'yyyy-mm-dd hh24:mi:ss'), 'EUR', 'N', 37);
insert into "Ucet" ("Datum_vytvoreni", "Mena", "Platba_kartou", "Sleva") values (to_date('2018-05-24 16:37:40', 'yyyy-mm-dd hh24:mi:ss'), 'EUR', 'Y', null);
insert into "Ucet" ("Datum_vytvoreni", "Mena", "Platba_kartou", "Sleva") values (to_date('2018-08-20 21:07:57', 'yyyy-mm-dd hh24:mi:ss'), 'EUR', 'N', null);
insert into "Ucet" ("Datum_vytvoreni", "Mena", "Platba_kartou", "Sleva") values (to_date('2018-01-07 18:18:10', 'yyyy-mm-dd hh24:mi:ss'), 'EUR', 'N', 41);
insert into "Ucet" ("Datum_vytvoreni", "Mena", "Platba_kartou", "Sleva") values (to_date('2018-05-22 01:18:20', 'yyyy-mm-dd hh24:mi:ss'), 'EUR', 'N', 31);
insert into "Ucet" ("Datum_vytvoreni", "Mena", "Platba_kartou", "Sleva") values (to_date('2018-04-12 13:18:14', 'yyyy-mm-dd hh24:mi:ss'), 'CZK', 'N', 38);
insert into "Ucet" ("Datum_vytvoreni", "Mena", "Platba_kartou", "Sleva") values (to_date('2018-04-24 21:12:17', 'yyyy-mm-dd hh24:mi:ss'), 'CZK', 'N', null);
insert into "Ucet" ("Datum_vytvoreni", "Mena", "Platba_kartou", "Sleva") values (to_date('2018-02-14 19:46:55', 'yyyy-mm-dd hh24:mi:ss'), 'CZK', 'Y', 20);
insert into "Ucet" ("Datum_vytvoreni", "Mena", "Platba_kartou", "Sleva") values (to_date('2018-07-28 21:25:54', 'yyyy-mm-dd hh24:mi:ss'), 'USD', 'N', null);
insert into "Ucet" ("Datum_vytvoreni", "Mena", "Platba_kartou", "Sleva") values (to_date('2018-03-18 10:50:10', 'yyyy-mm-dd hh24:mi:ss'), 'USD', 'N', 19);
insert into "Ucet" ("Datum_vytvoreni", "Mena", "Platba_kartou", "Sleva") values (to_date('2018-01-31 01:03:55', 'yyyy-mm-dd hh24:mi:ss'), 'USD', 'N', 33);
insert into "Ucet" ("Datum_vytvoreni", "Mena", "Platba_kartou", "Sleva") values (to_date('2017-12-13 17:06:34', 'yyyy-mm-dd hh24:mi:ss'), 'USD', 'N', null);
insert into "Ucet" ("Datum_vytvoreni", "Mena", "Platba_kartou", "Sleva") values (to_date('2018-05-28 10:22:05', 'yyyy-mm-dd hh24:mi:ss'), 'USD', 'Y', null);
insert into "Ucet" ("Datum_vytvoreni", "Mena", "Platba_kartou", "Sleva") values (to_date('2018-03-28 19:58:10', 'yyyy-mm-dd hh24:mi:ss'), 'USD', 'Y', null);
insert into "Ucet" ("Datum_vytvoreni", "Mena", "Platba_kartou", "Sleva") values (to_date('2018-02-15 19:46:46', 'yyyy-mm-dd hh24:mi:ss'), 'USD', 'Y', 44);
insert into "Ucet" ("Datum_vytvoreni", "Mena", "Platba_kartou", "Sleva") values (to_date('2018-08-01 04:29:50', 'yyyy-mm-dd hh24:mi:ss'), 'USD', 'N', null);
insert into "Ucet" ("Datum_vytvoreni", "Mena", "Platba_kartou", "Sleva") values (to_date('2018-08-01 17:31:35', 'yyyy-mm-dd hh24:mi:ss'), 'USD', 'N', null);
insert into "Ucet" ("Datum_vytvoreni", "Mena", "Platba_kartou", "Sleva") values (to_date('2017-12-24 02:52:13', 'yyyy-mm-dd hh24:mi:ss'), 'USD', 'N', null);
insert into "Ucet" ("Datum_vytvoreni", "Mena", "Platba_kartou", "Sleva") values (to_date('2018-06-18 16:50:27', 'yyyy-mm-dd hh24:mi:ss'), 'USD', 'Y', 23);
insert into "Ucet" ("Datum_vytvoreni", "Mena", "Platba_kartou", "Sleva") values (to_date('2018-07-21 07:43:33', 'yyyy-mm-dd hh24:mi:ss'), 'USD', 'Y', 15);
insert into "Ucet" ("Datum_vytvoreni", "Mena", "Platba_kartou", "Sleva") values (to_date('2018-07-27 00:28:21', 'yyyy-mm-dd hh24:mi:ss'), 'USD', 'Y', null);
insert into "Ucet" ("Datum_vytvoreni", "Mena", "Platba_kartou", "Sleva") values (to_date('2018-01-05 02:00:44', 'yyyy-mm-dd hh24:mi:ss'), 'USD', 'N', 25);
insert into "Ucet" ("Datum_vytvoreni", "Mena", "Platba_kartou", "Sleva") values (to_date('2018-09-28 11:16:54', 'yyyy-mm-dd hh24:mi:ss'), 'USD', 'Y', null);
insert into "Ucet" ("Datum_vytvoreni", "Mena", "Platba_kartou", "Sleva") values (to_date('2018-05-21 18:54:57', 'yyyy-mm-dd hh24:mi:ss'), 'USD', 'Y', null);
insert into "Ucet" ("Datum_vytvoreni", "Mena", "Platba_kartou", "Sleva") values (to_date('2018-04-08 05:29:41', 'yyyy-mm-dd hh24:mi:ss'), 'USD', 'Y', null);
insert into "Ucet" ("Datum_vytvoreni", "Mena", "Platba_kartou", "Sleva") values (to_date('2018-01-03 21:44:19', 'yyyy-mm-dd hh24:mi:ss'), 'USD', 'Y', 38);
insert into "Ucet" ("Datum_vytvoreni", "Mena", "Platba_kartou", "Sleva") values (to_date('2018-08-18 21:37:25', 'yyyy-mm-dd hh24:mi:ss'), 'USD', 'N', null);
insert into "Ucet" ("Datum_vytvoreni", "Mena", "Platba_kartou", "Sleva") values (to_date('2017-12-27 23:57:44', 'yyyy-mm-dd hh24:mi:ss'), 'USD', 'Y', null);
insert into "Ucet" ("Datum_vytvoreni", "Mena", "Platba_kartou", "Sleva") values (to_date('2018-06-21 03:40:07', 'yyyy-mm-dd hh24:mi:ss'), 'PLN', 'N', 6);
insert into "Ucet" ("Datum_vytvoreni", "Mena", "Platba_kartou", "Sleva") values (to_date('2018-03-18 06:26:39', 'yyyy-mm-dd hh24:mi:ss'), 'PLN', 'Y', null);
insert into "Ucet" ("Datum_vytvoreni", "Mena", "Platba_kartou", "Sleva") values (to_date('2018-01-13 08:21:53', 'yyyy-mm-dd hh24:mi:ss'), 'PLN', 'N', null);
insert into "Ucet" ("Datum_vytvoreni", "Mena", "Platba_kartou", "Sleva") values (to_date('2018-05-29 08:08:41', 'yyyy-mm-dd hh24:mi:ss'), 'PLN', 'Y', null);
insert into "Ucet" ("Datum_vytvoreni", "Mena", "Platba_kartou", "Sleva") values (to_date('2018-03-06 04:03:02', 'yyyy-mm-dd hh24:mi:ss'), 'PLN', 'Y', null);
insert into "Ucet" ("Datum_vytvoreni", "Mena", "Platba_kartou", "Sleva") values (to_date('2018-03-15 11:55:30', 'yyyy-mm-dd hh24:mi:ss'), 'PLN', 'Y', null);
insert into "Ucet" ("Datum_vytvoreni", "Mena", "Platba_kartou", "Sleva") values (to_date('2018-01-10 13:56:30', 'yyyy-mm-dd hh24:mi:ss'), 'PLN', 'N', null);
insert into "Ucet" ("Datum_vytvoreni", "Mena", "Platba_kartou", "Sleva") values (to_date('2018-08-29 12:47:09', 'yyyy-mm-dd hh24:mi:ss'), 'PLN', 'Y', null);
insert into "Ucet" ("Datum_vytvoreni", "Mena", "Platba_kartou", "Sleva") values (to_date('2018-11-23 03:55:18', 'yyyy-mm-dd hh24:mi:ss'), 'PLN', 'N', 26);
insert into "Ucet" ("Datum_vytvoreni", "Mena", "Platba_kartou", "Sleva") values (to_date('2018-04-20 07:28:13', 'yyyy-mm-dd hh24:mi:ss'), 'PLN', 'Y', 5);
insert into "Ucet" ("Datum_vytvoreni", "Mena", "Platba_kartou", "Sleva") values (to_date('2018-06-12 02:19:07', 'yyyy-mm-dd hh24:mi:ss'), 'PLN', 'Y', null);
insert into "Ucet" ("Datum_vytvoreni", "Mena", "Platba_kartou", "Sleva") values (to_date('2018-01-03 04:45:35', 'yyyy-mm-dd hh24:mi:ss'), 'CZK', 'N', null);
insert into "Ucet" ("Datum_vytvoreni", "Mena", "Platba_kartou", "Sleva") values (to_date('2017-12-28 05:09:48', 'yyyy-mm-dd hh24:mi:ss'), 'CZK', 'Y', 8);
insert into "Ucet" ("Datum_vytvoreni", "Mena", "Platba_kartou", "Sleva") values (to_date('2018-10-17 12:55:52', 'yyyy-mm-dd hh24:mi:ss'), 'CZK', 'Y', null);
insert into "Ucet" ("Datum_vytvoreni", "Mena", "Platba_kartou", "Sleva") values (to_date('2018-08-02 15:06:37', 'yyyy-mm-dd hh24:mi:ss'), 'CZK', 'Y', null);
insert into "Ucet" ("Datum_vytvoreni", "Mena", "Platba_kartou", "Sleva") values (to_date('2018-03-27 12:08:37', 'yyyy-mm-dd hh24:mi:ss'), 'CZK', 'Y', 5);
insert into "Ucet" ("Datum_vytvoreni", "Mena", "Platba_kartou", "Sleva") values (to_date('2018-09-16 01:00:18', 'yyyy-mm-dd hh24:mi:ss'), 'CZK', 'Y', null);
insert into "Ucet" ("Datum_vytvoreni", "Mena", "Platba_kartou", "Sleva") values (to_date('2018-08-14 17:32:26', 'yyyy-mm-dd hh24:mi:ss'), 'CZK', 'Y', null);
insert into "Ucet" ("Datum_vytvoreni", "Mena", "Platba_kartou", "Sleva") values (to_date('2018-03-13 09:28:11', 'yyyy-mm-dd hh24:mi:ss'), 'CZK', 'Y', null);
insert into "Ucet" ("Datum_vytvoreni", "Mena", "Platba_kartou", "Sleva") values (to_date('2018-11-21 13:36:16', 'yyyy-mm-dd hh24:mi:ss'), 'CZK', 'N', 15);
insert into "Ucet" ("Datum_vytvoreni", "Mena", "Platba_kartou", "Sleva") values (to_date('2017-12-20 05:02:24', 'yyyy-mm-dd hh24:mi:ss'), 'CZK', 'Y', null);
insert into "Ucet" ("Datum_vytvoreni", "Mena", "Platba_kartou", "Sleva") values (to_date('2018-04-08 23:46:35', 'yyyy-mm-dd hh24:mi:ss'), 'CZK', 'Y', 48);
insert into "Ucet" ("Datum_vytvoreni", "Mena", "Platba_kartou", "Sleva") values (to_date('2018-03-23 08:47:30', 'yyyy-mm-dd hh24:mi:ss'), 'CZK', 'Y', 7);
insert into "Ucet" ("Datum_vytvoreni", "Mena", "Platba_kartou", "Sleva") values (to_date('2018-04-25 08:28:33', 'yyyy-mm-dd hh24:mi:ss'), 'CZK', 'Y', null);
insert into "Ucet" ("Datum_vytvoreni", "Mena", "Platba_kartou", "Sleva") values (to_date('2018-06-23 01:15:34', 'yyyy-mm-dd hh24:mi:ss'), 'CZK', 'N', null);
insert into "Ucet" ("Datum_vytvoreni", "Mena", "Platba_kartou", "Sleva") values (to_date('2017-12-07 12:36:08', 'yyyy-mm-dd hh24:mi:ss'), 'CZK', 'Y', 17);
insert into "Ucet" ("Datum_vytvoreni", "Mena", "Platba_kartou", "Sleva") values (to_date('2018-03-25 08:34:34', 'yyyy-mm-dd hh24:mi:ss'), 'CZK', 'N', 50);
insert into "Ucet" ("Datum_vytvoreni", "Mena", "Platba_kartou", "Sleva") values (to_date('2018-03-19 15:27:34', 'yyyy-mm-dd hh24:mi:ss'), 'CZK', 'N', null);
insert into "Ucet" ("Datum_vytvoreni", "Mena", "Platba_kartou", "Sleva") values (to_date('2018-02-11 22:10:19', 'yyyy-mm-dd hh24:mi:ss'), 'CZK', 'Y', 36);
insert into "Ucet" ("Datum_vytvoreni", "Mena", "Platba_kartou", "Sleva") values (to_date('2018-03-25 04:21:43', 'yyyy-mm-dd hh24:mi:ss'), 'CZK', 'N', null);
insert into "Ucet" ("Datum_vytvoreni", "Mena", "Platba_kartou", "Sleva") values (to_date('2018-11-29 17:30:05', 'yyyy-mm-dd hh24:mi:ss'), 'CZK', 'Y', 39);
insert into "Ucet" ("Datum_vytvoreni", "Mena", "Platba_kartou", "Sleva") values (to_date('2018-02-20 05:06:47', 'yyyy-mm-dd hh24:mi:ss'), 'CZK', 'N', null);
insert into "Ucet" ("Datum_vytvoreni", "Mena", "Platba_kartou", "Sleva") values (to_date('2018-03-29 15:07:04', 'yyyy-mm-dd hh24:mi:ss'), 'CZK', 'N', 9);
insert into "Ucet" ("Datum_vytvoreni", "Mena", "Platba_kartou", "Sleva") values (to_date('2018-11-09 09:33:19', 'yyyy-mm-dd hh24:mi:ss'), 'CZK', 'Y', 30);
insert into "Ucet" ("Datum_vytvoreni", "Mena", "Platba_kartou", "Sleva") values (to_date('2018-04-16 23:35:23', 'yyyy-mm-dd hh24:mi:ss'), 'CZK', 'N', 39);
insert into "Ucet" ("Datum_vytvoreni", "Mena", "Platba_kartou", "Sleva") values (to_date('2018-06-19 17:53:19', 'yyyy-mm-dd hh24:mi:ss'), 'CZK', 'Y', 10);
insert into "Ucet" ("Datum_vytvoreni", "Mena", "Platba_kartou", "Sleva") values (to_date('2018-11-11 00:03:21', 'yyyy-mm-dd hh24:mi:ss'), 'CZK', 'N', 28);
insert into "Ucet" ("Datum_vytvoreni", "Mena", "Platba_kartou", "Sleva") values (to_date('2018-05-26 03:42:19', 'yyyy-mm-dd hh24:mi:ss'), 'CZK', 'N', 30);
insert into "Ucet" ("Datum_vytvoreni", "Mena", "Platba_kartou", "Sleva") values (to_date('2018-06-17 01:44:55', 'yyyy-mm-dd hh24:mi:ss'), 'CZK', 'N', null);
insert into "Ucet" ("Datum_vytvoreni", "Mena", "Platba_kartou", "Sleva") values (to_date('2018-11-10 14:56:50', 'yyyy-mm-dd hh24:mi:ss'), 'CZK', 'N', 19);
insert into "Ucet" ("Datum_vytvoreni", "Mena", "Platba_kartou", "Sleva") values (to_date('2018-07-01 21:15:14', 'yyyy-mm-dd hh24:mi:ss'), 'CZK', 'Y', null);
insert into "Ucet" ("Datum_vytvoreni", "Mena", "Platba_kartou", "Sleva") values (to_date('2018-10-31 23:15:02', 'yyyy-mm-dd hh24:mi:ss'), 'CZK', 'N', 32);
insert into "Ucet" ("Datum_vytvoreni", "Mena", "Platba_kartou", "Sleva") values (to_date('2018-05-13 18:53:24', 'yyyy-mm-dd hh24:mi:ss'), 'CZK', 'Y', 22);
insert into "Ucet" ("Datum_vytvoreni", "Mena", "Platba_kartou", "Sleva") values (to_date('2018-04-20 22:40:13', 'yyyy-mm-dd hh24:mi:ss'), 'CZK', 'Y', null);
insert into "Ucet" ("Datum_vytvoreni", "Mena", "Platba_kartou", "Sleva") values (to_date('2017-12-07 16:16:43', 'yyyy-mm-dd hh24:mi:ss'), 'CZK', 'N', null);
insert into "Ucet" ("Datum_vytvoreni", "Mena", "Platba_kartou", "Sleva") values (to_date('2018-01-04 11:37:03', 'yyyy-mm-dd hh24:mi:ss'), 'CZK', 'Y', null);
insert into "Ucet" ("Datum_vytvoreni", "Mena", "Platba_kartou", "Sleva") values (to_date('2018-03-22 03:15:36', 'yyyy-mm-dd hh24:mi:ss'), 'CZK', 'N', null);
insert into "Ucet" ("Datum_vytvoreni", "Mena", "Platba_kartou", "Sleva") values (to_date('2018-03-12 15:56:23', 'yyyy-mm-dd hh24:mi:ss'), 'CZK', 'Y', 6);
insert into "Ucet" ("Datum_vytvoreni", "Mena", "Platba_kartou", "Sleva") values (to_date('2018-05-06 04:50:25', 'yyyy-mm-dd hh24:mi:ss'), 'CZK', 'Y', 43);
insert into "Ucet" ("Datum_vytvoreni", "Mena", "Platba_kartou", "Sleva") values (to_date('2018-09-13 13:18:21', 'yyyy-mm-dd hh24:mi:ss'), 'CZK', 'N', 17);
insert into "Ucet" ("Datum_vytvoreni", "Mena", "Platba_kartou", "Sleva") values (to_date('2018-01-26 16:03:53', 'yyyy-mm-dd hh24:mi:ss'), 'CZK', 'Y', null);
insert into "Ucet" ("Datum_vytvoreni", "Mena", "Platba_kartou", "Sleva") values (to_date('2018-02-18 08:46:49', 'yyyy-mm-dd hh24:mi:ss'), 'CZK', 'N', null);
insert into "Ucet" ("Datum_vytvoreni", "Mena", "Platba_kartou", "Sleva") values (to_date('2017-12-07 14:22:29', 'yyyy-mm-dd hh24:mi:ss'), 'CZK', 'Y', 16);
insert into "Ucet" ("Datum_vytvoreni", "Mena", "Platba_kartou", "Sleva") values (to_date('2018-07-12 21:27:24', 'yyyy-mm-dd hh24:mi:ss'), 'CZK', 'N', 49);
insert into "Ucet" ("Datum_vytvoreni", "Mena", "Platba_kartou", "Sleva") values (to_date('2018-08-02 13:40:46', 'yyyy-mm-dd hh24:mi:ss'), 'CZK', 'N', 5);

insert into "R_Ucet_Stul" ("UcetID", "StulID") values (66, 23);
insert into "R_Ucet_Stul" ("UcetID", "StulID") values (93, 14);
insert into "R_Ucet_Stul" ("UcetID", "StulID") values (19, 19);
insert into "R_Ucet_Stul" ("UcetID", "StulID") values (67, 4);
insert into "R_Ucet_Stul" ("UcetID", "StulID") values (37, 8);
insert into "R_Ucet_Stul" ("UcetID", "StulID") values (17, 14);
insert into "R_Ucet_Stul" ("UcetID", "StulID") values (75, 5);
insert into "R_Ucet_Stul" ("UcetID", "StulID") values (50, 4);
insert into "R_Ucet_Stul" ("UcetID", "StulID") values (84, 4);
insert into "R_Ucet_Stul" ("UcetID", "StulID") values (92, 17);
insert into "R_Ucet_Stul" ("UcetID", "StulID") values (10, 3);
insert into "R_Ucet_Stul" ("UcetID", "StulID") values (52, 20);
insert into "R_Ucet_Stul" ("UcetID", "StulID") values (15, 14);
insert into "R_Ucet_Stul" ("UcetID", "StulID") values (30, 9);
insert into "R_Ucet_Stul" ("UcetID", "StulID") values (68, 9);
insert into "R_Ucet_Stul" ("UcetID", "StulID") values (16, 1);
insert into "R_Ucet_Stul" ("UcetID", "StulID") values (96, 11);
insert into "R_Ucet_Stul" ("UcetID", "StulID") values (10, 4);
insert into "R_Ucet_Stul" ("UcetID", "StulID") values (44, 15);
insert into "R_Ucet_Stul" ("UcetID", "StulID") values (36, 17);
insert into "R_Ucet_Stul" ("UcetID", "StulID") values (25, 1);
insert into "R_Ucet_Stul" ("UcetID", "StulID") values (12, 3);
insert into "R_Ucet_Stul" ("UcetID", "StulID") values (87, 14);
insert into "R_Ucet_Stul" ("UcetID", "StulID") values (17, 7);
insert into "R_Ucet_Stul" ("UcetID", "StulID") values (11, 12);
insert into "R_Ucet_Stul" ("UcetID", "StulID") values (20, 23);
insert into "R_Ucet_Stul" ("UcetID", "StulID") values (63, 8);
insert into "R_Ucet_Stul" ("UcetID", "StulID") values (85, 19);
insert into "R_Ucet_Stul" ("UcetID", "StulID") values (36, 18);
insert into "R_Ucet_Stul" ("UcetID", "StulID") values (12, 22);
insert into "R_Ucet_Stul" ("UcetID", "StulID") values (19, 8);
insert into "R_Ucet_Stul" ("UcetID", "StulID") values (80, 19);
insert into "R_Ucet_Stul" ("UcetID", "StulID") values (29, 24);
insert into "R_Ucet_Stul" ("UcetID", "StulID") values (84, 12);
insert into "R_Ucet_Stul" ("UcetID", "StulID") values (59, 14);
insert into "R_Ucet_Stul" ("UcetID", "StulID") values (86, 9);
insert into "R_Ucet_Stul" ("UcetID", "StulID") values (29, 9);
insert into "R_Ucet_Stul" ("UcetID", "StulID") values (45, 6);
insert into "R_Ucet_Stul" ("UcetID", "StulID") values (64, 15);
insert into "R_Ucet_Stul" ("UcetID", "StulID") values (16, 24);
insert into "R_Ucet_Stul" ("UcetID", "StulID") values (90, 19);
insert into "R_Ucet_Stul" ("UcetID", "StulID") values (80, 21);
insert into "R_Ucet_Stul" ("UcetID", "StulID") values (53, 11);
insert into "R_Ucet_Stul" ("UcetID", "StulID") values (79, 10);
insert into "R_Ucet_Stul" ("UcetID", "StulID") values (75, 13);
insert into "R_Ucet_Stul" ("UcetID", "StulID") values (12, 12);
insert into "R_Ucet_Stul" ("UcetID", "StulID") values (14, 19);
insert into "R_Ucet_Stul" ("UcetID", "StulID") values (98, 17);
insert into "R_Ucet_Stul" ("UcetID", "StulID") values (86, 22);
insert into "R_Ucet_Stul" ("UcetID", "StulID") values (39, 5);
insert into "R_Ucet_Stul" ("UcetID", "StulID") values (11, 22);
insert into "R_Ucet_Stul" ("UcetID", "StulID") values (16, 23);
insert into "R_Ucet_Stul" ("UcetID", "StulID") values (7, 10);
insert into "R_Ucet_Stul" ("UcetID", "StulID") values (42, 22);
insert into "R_Ucet_Stul" ("UcetID", "StulID") values (73, 4);
insert into "R_Ucet_Stul" ("UcetID", "StulID") values (34, 10);
insert into "R_Ucet_Stul" ("UcetID", "StulID") values (4, 15);
insert into "R_Ucet_Stul" ("UcetID", "StulID") values (25, 7);
insert into "R_Ucet_Stul" ("UcetID", "StulID") values (57, 15);
insert into "R_Ucet_Stul" ("UcetID", "StulID") values (28, 18);
insert into "R_Ucet_Stul" ("UcetID", "StulID") values (15, 13);
insert into "R_Ucet_Stul" ("UcetID", "StulID") values (87, 17);
insert into "R_Ucet_Stul" ("UcetID", "StulID") values (33, 11);
insert into "R_Ucet_Stul" ("UcetID", "StulID") values (18, 21);
insert into "R_Ucet_Stul" ("UcetID", "StulID") values (90, 14);
insert into "R_Ucet_Stul" ("UcetID", "StulID") values (4, 12);
insert into "R_Ucet_Stul" ("UcetID", "StulID") values (29, 5);
insert into "R_Ucet_Stul" ("UcetID", "StulID") values (21, 25);
insert into "R_Ucet_Stul" ("UcetID", "StulID") values (17, 18);
insert into "R_Ucet_Stul" ("UcetID", "StulID") values (75, 4);
insert into "R_Ucet_Stul" ("UcetID", "StulID") values (69, 11);
insert into "R_Ucet_Stul" ("UcetID", "StulID") values (3, 19);
insert into "R_Ucet_Stul" ("UcetID", "StulID") values (2, 12);
insert into "R_Ucet_Stul" ("UcetID", "StulID") values (71, 25);
insert into "R_Ucet_Stul" ("UcetID", "StulID") values (50, 20);
insert into "R_Ucet_Stul" ("UcetID", "StulID") values (99, 14);
insert into "R_Ucet_Stul" ("UcetID", "StulID") values (39, 7);
insert into "R_Ucet_Stul" ("UcetID", "StulID") values (28, 25);
insert into "R_Ucet_Stul" ("UcetID", "StulID") values (20, 17);
insert into "R_Ucet_Stul" ("UcetID", "StulID") values (28, 2);
insert into "R_Ucet_Stul" ("UcetID", "StulID") values (48, 10);
insert into "R_Ucet_Stul" ("UcetID", "StulID") values (62, 14);
insert into "R_Ucet_Stul" ("UcetID", "StulID") values (63, 24);
insert into "R_Ucet_Stul" ("UcetID", "StulID") values (5, 5);
insert into "R_Ucet_Stul" ("UcetID", "StulID") values (28, 9);
insert into "R_Ucet_Stul" ("UcetID", "StulID") values (36, 11);
insert into "R_Ucet_Stul" ("UcetID", "StulID") values (77, 15);
insert into "R_Ucet_Stul" ("UcetID", "StulID") values (15, 21);
insert into "R_Ucet_Stul" ("UcetID", "StulID") values (64, 21);
insert into "R_Ucet_Stul" ("UcetID", "StulID") values (70, 21);
insert into "R_Ucet_Stul" ("UcetID", "StulID") values (91, 24);
insert into "R_Ucet_Stul" ("UcetID", "StulID") values (91, 3);
insert into "R_Ucet_Stul" ("UcetID", "StulID") values (3, 20);
insert into "R_Ucet_Stul" ("UcetID", "StulID") values (30, 22);
insert into "R_Ucet_Stul" ("UcetID", "StulID") values (99, 19);
insert into "R_Ucet_Stul" ("UcetID", "StulID") values (92, 18);
insert into "R_Ucet_Stul" ("UcetID", "StulID") values (84, 16);
insert into "R_Ucet_Stul" ("UcetID", "StulID") values (93, 24);
insert into "R_Ucet_Stul" ("UcetID", "StulID") values (46, 25);
insert into "R_Ucet_Stul" ("UcetID", "StulID") values (5, 16);

insert into "Stav_polozky" ("Cas_vytvoreni", "Stav", "Polozka_menuID", "UcetID") values (to_date('2018-09-08 21:01:48', 'yyyy-mm-dd hh24:mi:ss'), 'Objednaná', 17, 79);
insert into "Stav_polozky" ("Cas_vytvoreni", "Stav", "Polozka_menuID", "UcetID") values (to_date('2018-11-06 11:42:12', 'yyyy-mm-dd hh24:mi:ss'), 'Objednaná', 24, 25);
insert into "Stav_polozky" ("Cas_vytvoreni", "Stav", "Polozka_menuID", "UcetID") values (to_date('2018-04-06 09:51:16', 'yyyy-mm-dd hh24:mi:ss'), 'Objednaná', 2, 94);
insert into "Stav_polozky" ("Cas_vytvoreni", "Stav", "Polozka_menuID", "UcetID") values (to_date('2018-03-04 06:04:09', 'yyyy-mm-dd hh24:mi:ss'), 'Připravená', 20, 40);
insert into "Stav_polozky" ("Cas_vytvoreni", "Stav", "Polozka_menuID", "UcetID") values (to_date('2018-07-27 20:25:35', 'yyyy-mm-dd hh24:mi:ss'), 'Objednaná', 4, 30);
insert into "Stav_polozky" ("Cas_vytvoreni", "Stav", "Polozka_menuID", "UcetID") values (to_date('2018-11-27 19:26:44', 'yyyy-mm-dd hh24:mi:ss'), 'Dokončená', 18, 23);
insert into "Stav_polozky" ("Cas_vytvoreni", "Stav", "Polozka_menuID", "UcetID") values (to_date('2018-05-28 21:11:34', 'yyyy-mm-dd hh24:mi:ss'), 'Objednaná', 2, 12);
insert into "Stav_polozky" ("Cas_vytvoreni", "Stav", "Polozka_menuID", "UcetID") values (to_date('2018-07-10 03:09:33', 'yyyy-mm-dd hh24:mi:ss'), 'Připravená', 25, 14);
insert into "Stav_polozky" ("Cas_vytvoreni", "Stav", "Polozka_menuID", "UcetID") values (to_date('2018-09-07 18:05:19', 'yyyy-mm-dd hh24:mi:ss'), 'Dokončená', 19, 2);
insert into "Stav_polozky" ("Cas_vytvoreni", "Stav", "Polozka_menuID", "UcetID") values (to_date('2018-04-15 20:23:57', 'yyyy-mm-dd hh24:mi:ss'), 'Připravená', 10, 97);
insert into "Stav_polozky" ("Cas_vytvoreni", "Stav", "Polozka_menuID", "UcetID") values (to_date('2018-03-24 17:36:50', 'yyyy-mm-dd hh24:mi:ss'), 'Objednaná', 10, 2);
insert into "Stav_polozky" ("Cas_vytvoreni", "Stav", "Polozka_menuID", "UcetID") values (to_date('2018-02-01 06:02:50', 'yyyy-mm-dd hh24:mi:ss'), 'Připravená', 10, 52);
insert into "Stav_polozky" ("Cas_vytvoreni", "Stav", "Polozka_menuID", "UcetID") values (to_date('2018-04-21 19:04:36', 'yyyy-mm-dd hh24:mi:ss'), 'Objednaná', 10, 80);
insert into "Stav_polozky" ("Cas_vytvoreni", "Stav", "Polozka_menuID", "UcetID") values (to_date('2017-12-18 12:37:41', 'yyyy-mm-dd hh24:mi:ss'), 'Připravená', 13, 82);
insert into "Stav_polozky" ("Cas_vytvoreni", "Stav", "Polozka_menuID", "UcetID") values (to_date('2018-10-30 22:38:58', 'yyyy-mm-dd hh24:mi:ss'), 'Připravená', 14, 42);
insert into "Stav_polozky" ("Cas_vytvoreni", "Stav", "Polozka_menuID", "UcetID") values (to_date('2018-11-28 10:19:36', 'yyyy-mm-dd hh24:mi:ss'), 'Objednaná', 8, 51);
insert into "Stav_polozky" ("Cas_vytvoreni", "Stav", "Polozka_menuID", "UcetID") values (to_date('2018-09-03 12:55:15', 'yyyy-mm-dd hh24:mi:ss'), 'Dokončená', 23, 53);
insert into "Stav_polozky" ("Cas_vytvoreni", "Stav", "Polozka_menuID", "UcetID") values (to_date('2018-11-29 04:44:09', 'yyyy-mm-dd hh24:mi:ss'), 'Objednaná', 7, 64);
insert into "Stav_polozky" ("Cas_vytvoreni", "Stav", "Polozka_menuID", "UcetID") values (to_date('2018-02-23 05:55:10', 'yyyy-mm-dd hh24:mi:ss'), 'Objednaná', 9, 24);
insert into "Stav_polozky" ("Cas_vytvoreni", "Stav", "Polozka_menuID", "UcetID") values (to_date('2018-05-20 22:29:43', 'yyyy-mm-dd hh24:mi:ss'), 'Dokončená', 9, 54);
insert into "Stav_polozky" ("Cas_vytvoreni", "Stav", "Polozka_menuID", "UcetID") values (to_date('2018-05-30 10:32:13', 'yyyy-mm-dd hh24:mi:ss'), 'Objednaná', 12, 76);
insert into "Stav_polozky" ("Cas_vytvoreni", "Stav", "Polozka_menuID", "UcetID") values (to_date('2018-08-26 08:36:28', 'yyyy-mm-dd hh24:mi:ss'), 'Objednaná', 11, 63);
insert into "Stav_polozky" ("Cas_vytvoreni", "Stav", "Polozka_menuID", "UcetID") values (to_date('2018-10-29 05:41:26', 'yyyy-mm-dd hh24:mi:ss'), 'Připravená', 18, 88);
insert into "Stav_polozky" ("Cas_vytvoreni", "Stav", "Polozka_menuID", "UcetID") values (to_date('2017-12-12 10:33:02', 'yyyy-mm-dd hh24:mi:ss'), 'Připravená', 16, 73);
insert into "Stav_polozky" ("Cas_vytvoreni", "Stav", "Polozka_menuID", "UcetID") values (to_date('2018-11-21 01:58:05', 'yyyy-mm-dd hh24:mi:ss'), 'Připravená', 9, 63);
insert into "Stav_polozky" ("Cas_vytvoreni", "Stav", "Polozka_menuID", "UcetID") values (to_date('2018-10-22 10:10:23', 'yyyy-mm-dd hh24:mi:ss'), 'Dokončená', 10, 12);
insert into "Stav_polozky" ("Cas_vytvoreni", "Stav", "Polozka_menuID", "UcetID") values (to_date('2018-09-04 16:06:51', 'yyyy-mm-dd hh24:mi:ss'), 'Dokončená', 1, 59);
insert into "Stav_polozky" ("Cas_vytvoreni", "Stav", "Polozka_menuID", "UcetID") values (to_date('2018-09-19 01:24:11', 'yyyy-mm-dd hh24:mi:ss'), 'Objednaná', 17, 10);
insert into "Stav_polozky" ("Cas_vytvoreni", "Stav", "Polozka_menuID", "UcetID") values (to_date('2018-02-25 22:58:22', 'yyyy-mm-dd hh24:mi:ss'), 'Připravená', 13, 73);
insert into "Stav_polozky" ("Cas_vytvoreni", "Stav", "Polozka_menuID", "UcetID") values (to_date('2018-06-22 09:27:53', 'yyyy-mm-dd hh24:mi:ss'), 'Připravená', 19, 4);
insert into "Stav_polozky" ("Cas_vytvoreni", "Stav", "Polozka_menuID", "UcetID") values (to_date('2017-12-26 21:45:33', 'yyyy-mm-dd hh24:mi:ss'), 'Dokončená', 5, 46);
insert into "Stav_polozky" ("Cas_vytvoreni", "Stav", "Polozka_menuID", "UcetID") values (to_date('2018-09-24 19:01:27', 'yyyy-mm-dd hh24:mi:ss'), 'Objednaná', 6, 83);
insert into "Stav_polozky" ("Cas_vytvoreni", "Stav", "Polozka_menuID", "UcetID") values (to_date('2018-08-20 10:29:25', 'yyyy-mm-dd hh24:mi:ss'), 'Připravená', 12, 44);
insert into "Stav_polozky" ("Cas_vytvoreni", "Stav", "Polozka_menuID", "UcetID") values (to_date('2018-03-05 22:32:35', 'yyyy-mm-dd hh24:mi:ss'), 'Objednaná', 9, 16);
insert into "Stav_polozky" ("Cas_vytvoreni", "Stav", "Polozka_menuID", "UcetID") values (to_date('2018-05-16 15:34:27', 'yyyy-mm-dd hh24:mi:ss'), 'Připravená', 17, 16);
insert into "Stav_polozky" ("Cas_vytvoreni", "Stav", "Polozka_menuID", "UcetID") values (to_date('2018-08-24 13:21:01', 'yyyy-mm-dd hh24:mi:ss'), 'Objednaná', 20, 80);
insert into "Stav_polozky" ("Cas_vytvoreni", "Stav", "Polozka_menuID", "UcetID") values (to_date('2018-06-24 06:45:48', 'yyyy-mm-dd hh24:mi:ss'), 'Objednaná', 7, 79);
insert into "Stav_polozky" ("Cas_vytvoreni", "Stav", "Polozka_menuID", "UcetID") values (to_date('2018-07-26 20:07:46', 'yyyy-mm-dd hh24:mi:ss'), 'Dokončená', 2, 27);
insert into "Stav_polozky" ("Cas_vytvoreni", "Stav", "Polozka_menuID", "UcetID") values (to_date('2018-07-15 01:31:57', 'yyyy-mm-dd hh24:mi:ss'), 'Objednaná', 11, 77);
insert into "Stav_polozky" ("Cas_vytvoreni", "Stav", "Polozka_menuID", "UcetID") values (to_date('2018-08-12 20:11:17', 'yyyy-mm-dd hh24:mi:ss'), 'Objednaná', 11, 62);
insert into "Stav_polozky" ("Cas_vytvoreni", "Stav", "Polozka_menuID", "UcetID") values (to_date('2018-08-01 20:22:53', 'yyyy-mm-dd hh24:mi:ss'), 'Dokončená', 23, 77);
insert into "Stav_polozky" ("Cas_vytvoreni", "Stav", "Polozka_menuID", "UcetID") values (to_date('2018-11-19 04:27:47', 'yyyy-mm-dd hh24:mi:ss'), 'Dokončená', 10, 28);
insert into "Stav_polozky" ("Cas_vytvoreni", "Stav", "Polozka_menuID", "UcetID") values (to_date('2018-02-03 06:28:57', 'yyyy-mm-dd hh24:mi:ss'), 'Dokončená', 16, 29);
insert into "Stav_polozky" ("Cas_vytvoreni", "Stav", "Polozka_menuID", "UcetID") values (to_date('2018-01-18 05:19:47', 'yyyy-mm-dd hh24:mi:ss'), 'Připravená', 16, 98);
insert into "Stav_polozky" ("Cas_vytvoreni", "Stav", "Polozka_menuID", "UcetID") values (to_date('2018-05-15 15:59:39', 'yyyy-mm-dd hh24:mi:ss'), 'Připravená', 5, 76);
insert into "Stav_polozky" ("Cas_vytvoreni", "Stav", "Polozka_menuID", "UcetID") values (to_date('2018-05-02 08:36:45', 'yyyy-mm-dd hh24:mi:ss'), 'Připravená', 4, 53);
insert into "Stav_polozky" ("Cas_vytvoreni", "Stav", "Polozka_menuID", "UcetID") values (to_date('2018-01-24 20:22:16', 'yyyy-mm-dd hh24:mi:ss'), 'Dokončená', 13, 61);
insert into "Stav_polozky" ("Cas_vytvoreni", "Stav", "Polozka_menuID", "UcetID") values (to_date('2018-05-08 22:00:18', 'yyyy-mm-dd hh24:mi:ss'), 'Připravená', 8, 22);
insert into "Stav_polozky" ("Cas_vytvoreni", "Stav", "Polozka_menuID", "UcetID") values (to_date('2018-10-12 06:33:28', 'yyyy-mm-dd hh24:mi:ss'), 'Objednaná', 14, 77);
insert into "Stav_polozky" ("Cas_vytvoreni", "Stav", "Polozka_menuID", "UcetID") values (to_date('2018-01-21 11:06:25', 'yyyy-mm-dd hh24:mi:ss'), 'Připravená', 4, 38);
insert into "Stav_polozky" ("Cas_vytvoreni", "Stav", "Polozka_menuID", "UcetID") values (to_date('2018-03-06 22:48:46', 'yyyy-mm-dd hh24:mi:ss'), 'Připravená', 5, 76);
insert into "Stav_polozky" ("Cas_vytvoreni", "Stav", "Polozka_menuID", "UcetID") values (to_date('2017-12-15 08:06:12', 'yyyy-mm-dd hh24:mi:ss'), 'Dokončená', 2, 59);
insert into "Stav_polozky" ("Cas_vytvoreni", "Stav", "Polozka_menuID", "UcetID") values (to_date('2018-10-21 03:13:11', 'yyyy-mm-dd hh24:mi:ss'), 'Dokončená', 22, 91);
insert into "Stav_polozky" ("Cas_vytvoreni", "Stav", "Polozka_menuID", "UcetID") values (to_date('2018-01-07 12:56:12', 'yyyy-mm-dd hh24:mi:ss'), 'Připravená', 22, 89);
insert into "Stav_polozky" ("Cas_vytvoreni", "Stav", "Polozka_menuID", "UcetID") values (to_date('2018-08-12 08:02:11', 'yyyy-mm-dd hh24:mi:ss'), 'Dokončená', 15, 49);
insert into "Stav_polozky" ("Cas_vytvoreni", "Stav", "Polozka_menuID", "UcetID") values (to_date('2018-02-18 09:51:22', 'yyyy-mm-dd hh24:mi:ss'), 'Připravená', 19, 96);
insert into "Stav_polozky" ("Cas_vytvoreni", "Stav", "Polozka_menuID", "UcetID") values (to_date('2018-09-18 11:22:11', 'yyyy-mm-dd hh24:mi:ss'), 'Objednaná', 17, 61);
insert into "Stav_polozky" ("Cas_vytvoreni", "Stav", "Polozka_menuID", "UcetID") values (to_date('2018-08-30 06:27:49', 'yyyy-mm-dd hh24:mi:ss'), 'Připravená', 19, 2);
insert into "Stav_polozky" ("Cas_vytvoreni", "Stav", "Polozka_menuID", "UcetID") values (to_date('2018-02-02 04:39:10', 'yyyy-mm-dd hh24:mi:ss'), 'Dokončená', 2, 39);
insert into "Stav_polozky" ("Cas_vytvoreni", "Stav", "Polozka_menuID", "UcetID") values (to_date('2018-10-05 21:44:55', 'yyyy-mm-dd hh24:mi:ss'), 'Připravená', 5, 34);
insert into "Stav_polozky" ("Cas_vytvoreni", "Stav", "Polozka_menuID", "UcetID") values (to_date('2018-11-15 00:28:25', 'yyyy-mm-dd hh24:mi:ss'), 'Připravená', 9, 35);
insert into "Stav_polozky" ("Cas_vytvoreni", "Stav", "Polozka_menuID", "UcetID") values (to_date('2018-09-20 22:30:26', 'yyyy-mm-dd hh24:mi:ss'), 'Připravená', 12, 89);
insert into "Stav_polozky" ("Cas_vytvoreni", "Stav", "Polozka_menuID", "UcetID") values (to_date('2018-07-12 15:42:45', 'yyyy-mm-dd hh24:mi:ss'), 'Připravená', 20, 14);
insert into "Stav_polozky" ("Cas_vytvoreni", "Stav", "Polozka_menuID", "UcetID") values (to_date('2018-11-05 17:23:36', 'yyyy-mm-dd hh24:mi:ss'), 'Dokončená', 21, 17);
insert into "Stav_polozky" ("Cas_vytvoreni", "Stav", "Polozka_menuID", "UcetID") values (to_date('2018-07-07 01:10:47', 'yyyy-mm-dd hh24:mi:ss'), 'Připravená', 22, 48);
insert into "Stav_polozky" ("Cas_vytvoreni", "Stav", "Polozka_menuID", "UcetID") values (to_date('2018-06-16 00:23:53', 'yyyy-mm-dd hh24:mi:ss'), 'Připravená', 3, 6);
insert into "Stav_polozky" ("Cas_vytvoreni", "Stav", "Polozka_menuID", "UcetID") values (to_date('2018-02-01 04:52:22', 'yyyy-mm-dd hh24:mi:ss'), 'Dokončená', 16, 84);
insert into "Stav_polozky" ("Cas_vytvoreni", "Stav", "Polozka_menuID", "UcetID") values (to_date('2018-10-21 19:53:51', 'yyyy-mm-dd hh24:mi:ss'), 'Dokončená', 23, 34);
insert into "Stav_polozky" ("Cas_vytvoreni", "Stav", "Polozka_menuID", "UcetID") values (to_date('2018-06-01 11:39:39', 'yyyy-mm-dd hh24:mi:ss'), 'Objednaná', 8, 32);
insert into "Stav_polozky" ("Cas_vytvoreni", "Stav", "Polozka_menuID", "UcetID") values (to_date('2018-01-09 14:45:33', 'yyyy-mm-dd hh24:mi:ss'), 'Dokončená', 19, 53);
insert into "Stav_polozky" ("Cas_vytvoreni", "Stav", "Polozka_menuID", "UcetID") values (to_date('2018-08-15 14:13:24', 'yyyy-mm-dd hh24:mi:ss'), 'Objednaná', 23, 40);
insert into "Stav_polozky" ("Cas_vytvoreni", "Stav", "Polozka_menuID", "UcetID") values (to_date('2018-04-28 10:48:31', 'yyyy-mm-dd hh24:mi:ss'), 'Objednaná', 20, 24);
insert into "Stav_polozky" ("Cas_vytvoreni", "Stav", "Polozka_menuID", "UcetID") values (to_date('2018-03-09 18:40:39', 'yyyy-mm-dd hh24:mi:ss'), 'Dokončená', 13, 35);
insert into "Stav_polozky" ("Cas_vytvoreni", "Stav", "Polozka_menuID", "UcetID") values (to_date('2018-11-10 19:40:19', 'yyyy-mm-dd hh24:mi:ss'), 'Připravená', 2, 37);
insert into "Stav_polozky" ("Cas_vytvoreni", "Stav", "Polozka_menuID", "UcetID") values (to_date('2018-08-01 10:27:39', 'yyyy-mm-dd hh24:mi:ss'), 'Připravená', 16, 13);
insert into "Stav_polozky" ("Cas_vytvoreni", "Stav", "Polozka_menuID", "UcetID") values (to_date('2018-06-02 19:27:43', 'yyyy-mm-dd hh24:mi:ss'), 'Objednaná', 4, 89);
insert into "Stav_polozky" ("Cas_vytvoreni", "Stav", "Polozka_menuID", "UcetID") values (to_date('2018-07-09 21:53:52', 'yyyy-mm-dd hh24:mi:ss'), 'Objednaná', 3, 60);
insert into "Stav_polozky" ("Cas_vytvoreni", "Stav", "Polozka_menuID", "UcetID") values (to_date('2018-08-14 03:47:40', 'yyyy-mm-dd hh24:mi:ss'), 'Dokončená', 2, 47);
insert into "Stav_polozky" ("Cas_vytvoreni", "Stav", "Polozka_menuID", "UcetID") values (to_date('2017-12-10 03:57:13', 'yyyy-mm-dd hh24:mi:ss'), 'Dokončená', 17, 84);
insert into "Stav_polozky" ("Cas_vytvoreni", "Stav", "Polozka_menuID", "UcetID") values (to_date('2018-10-02 11:16:46', 'yyyy-mm-dd hh24:mi:ss'), 'Připravená', 23, 93);
insert into "Stav_polozky" ("Cas_vytvoreni", "Stav", "Polozka_menuID", "UcetID") values (to_date('2018-03-19 14:13:54', 'yyyy-mm-dd hh24:mi:ss'), 'Dokončená', 4, 62);
insert into "Stav_polozky" ("Cas_vytvoreni", "Stav", "Polozka_menuID", "UcetID") values (to_date('2018-03-06 06:41:27', 'yyyy-mm-dd hh24:mi:ss'), 'Objednaná', 9, 34);
insert into "Stav_polozky" ("Cas_vytvoreni", "Stav", "Polozka_menuID", "UcetID") values (to_date('2018-04-26 13:49:27', 'yyyy-mm-dd hh24:mi:ss'), 'Připravená', 2, 1);
insert into "Stav_polozky" ("Cas_vytvoreni", "Stav", "Polozka_menuID", "UcetID") values (to_date('2018-04-04 09:23:41', 'yyyy-mm-dd hh24:mi:ss'), 'Dokončená', 19, 79);
insert into "Stav_polozky" ("Cas_vytvoreni", "Stav", "Polozka_menuID", "UcetID") values (to_date('2018-03-09 19:45:39', 'yyyy-mm-dd hh24:mi:ss'), 'Dokončená', 13, 72);
insert into "Stav_polozky" ("Cas_vytvoreni", "Stav", "Polozka_menuID", "UcetID") values (to_date('2018-07-19 03:55:45', 'yyyy-mm-dd hh24:mi:ss'), 'Dokončená', 6, 33);
insert into "Stav_polozky" ("Cas_vytvoreni", "Stav", "Polozka_menuID", "UcetID") values (to_date('2018-11-26 04:34:13', 'yyyy-mm-dd hh24:mi:ss'), 'Připravená', 18, 21);
insert into "Stav_polozky" ("Cas_vytvoreni", "Stav", "Polozka_menuID", "UcetID") values (to_date('2018-05-24 08:14:06', 'yyyy-mm-dd hh24:mi:ss'), 'Objednaná', 1, 45);
insert into "Stav_polozky" ("Cas_vytvoreni", "Stav", "Polozka_menuID", "UcetID") values (to_date('2018-05-05 02:57:14', 'yyyy-mm-dd hh24:mi:ss'), 'Připravená', 17, 24);
insert into "Stav_polozky" ("Cas_vytvoreni", "Stav", "Polozka_menuID", "UcetID") values (to_date('2018-07-15 23:50:02', 'yyyy-mm-dd hh24:mi:ss'), 'Dokončená', 21, 19);
insert into "Stav_polozky" ("Cas_vytvoreni", "Stav", "Polozka_menuID", "UcetID") values (to_date('2018-11-20 20:29:43', 'yyyy-mm-dd hh24:mi:ss'), 'Připravená', 13, 19);
insert into "Stav_polozky" ("Cas_vytvoreni", "Stav", "Polozka_menuID", "UcetID") values (to_date('2018-06-26 06:19:39', 'yyyy-mm-dd hh24:mi:ss'), 'Objednaná', 2, 72);
insert into "Stav_polozky" ("Cas_vytvoreni", "Stav", "Polozka_menuID", "UcetID") values (to_date('2018-09-12 02:02:35', 'yyyy-mm-dd hh24:mi:ss'), 'Připravená', 23, 90);
insert into "Stav_polozky" ("Cas_vytvoreni", "Stav", "Polozka_menuID", "UcetID") values (to_date('2018-01-15 16:58:01', 'yyyy-mm-dd hh24:mi:ss'), 'Objednaná', 19, 60);
insert into "Stav_polozky" ("Cas_vytvoreni", "Stav", "Polozka_menuID", "UcetID") values (to_date('2018-01-20 18:36:03', 'yyyy-mm-dd hh24:mi:ss'), 'Dokončená', 10, 7);
insert into "Stav_polozky" ("Cas_vytvoreni", "Stav", "Polozka_menuID", "UcetID") values (to_date('2018-01-03 22:08:56', 'yyyy-mm-dd hh24:mi:ss'), 'Objednaná', 3, 49);
insert into "Stav_polozky" ("Cas_vytvoreni", "Stav", "Polozka_menuID", "UcetID") values (to_date('2018-01-09 20:01:11', 'yyyy-mm-dd hh24:mi:ss'), 'Připravená', 22, 52);
insert into "Stav_polozky" ("Cas_vytvoreni", "Stav", "Polozka_menuID", "UcetID") values (to_date('2018-06-21 11:08:43', 'yyyy-mm-dd hh24:mi:ss'), 'Objednaná', 14, 75);
insert into "Stav_polozky" ("Cas_vytvoreni", "Stav", "Polozka_menuID", "UcetID") values (to_date('2018-02-26 01:52:34', 'yyyy-mm-dd hh24:mi:ss'), 'Objednaná', 17, 57);
insert into "Stav_polozky" ("Cas_vytvoreni", "Stav", "Polozka_menuID", "UcetID") values (to_date('2018-10-23 20:01:43', 'yyyy-mm-dd hh24:mi:ss'), 'Připravená', 10, 99);